date,year,month,day,weekday,prize1,top3,top2,front3_1,front3_2,back3_1,back3_2,bottom2
1994-01-16,1994,1,16,อาทิตย์,,,,873,237,845,708,23
1994-02-01,1994,2,1,อังคาร,,,,173,746,268,396,05
1994-02-16,1994,2,16,พุธ,,,,943,520,753,486,76
1994-03-01,1994,3,1,อังคาร,,,,082,631,008,820,41
1994-03-16,1994,3,16,พุธ,,,,382,166,515,185,19
1994-04-01,1994,4,1,ศุกร์,,,,675,035,704,868,29
1994-04-16,1994,4,16,เสาร์,,,,785,982,151,594,21
1994-05-02,1994,5,2,จันทร์,,,,535,317,170,521,69
1994-05-16,1994,5,16,จันทร์,,,,093,544,535,746,29
1994-06-01,1994,6,1,พุธ,,,,474,564,989,164,17
1994-06-16,1994,6,16,พฤหัสบดี,,,,302,583,524,669,53
1994-07-01,1994,7,1,ศุกร์,,,,372,902,868,445,39
1994-07-16,1994,7,16,เสาร์,,,,424,686,628,622,74
1994-08-01,1994,8,1,จันทร์,,,,396,149,026,758,85
1994-08-16,1994,8,16,อังคาร,,,,303,724,897,677,28
1994-09-01,1994,9,1,พฤหัสบดี,,,,891,718,949,701,67
1994-09-16,1994,9,16,ศุกร์,,,,046,255,164,886,88
1994-10-01,1994,10,1,เสาร์,,,,623,251,229,243,23
1994-10-16,1994,10,16,อาทิตย์,,,,165,294,428,024,79
1994-11-01,1994,11,1,อังคาร,,,,110,365,096,840,76
1994-11-16,1994,11,16,พุธ,,,,504,902,225,816,82
1994-12-01,1994,12,1,พฤหัสบดี,,,,342,923,448,043,02
1994-12-16,1994,12,16,ศุกร์,,,,654,129,766,544,50
1994-12-30,1994,12,30,ศุกร์,,,,798,713,339,744,90
1995-01-16,1995,1,16,จันทร์,922388,388,88,186,667,253,002,40
1995-02-01,1995,2,1,พุธ,198162,162,62,195,087,805,574,48
1995-02-16,1995,2,16,พฤหัสบดี,869070,070,70,828,597,462,126,95
1995-03-01,1995,3,1,พุธ,411454,454,54,034,019,022,152,71
1995-03-16,1995,3,16,พฤหัสบดี,646847,847,47,225,044,091,220,67
1995-04-01,1995,4,1,เสาร์,427039,039,39,254,926,674,978,06
1995-04-16,1995,4,16,อาทิตย์,053581,581,81,560,968,681,376,99
1995-05-02,1995,5,2,อังคาร,504692,692,92,304,886,268,273,88
1995-05-17,1995,5,17,พุธ,220381,381,81,460,597,511,488,55
1995-06-01,1995,6,1,พฤหัสบดี,105615,615,15,374,735,168,688,17
1995-06-16,1995,6,16,ศุกร์,046698,698,98,678,785,507,393,82
1995-07-01,1995,7,1,เสาร์,939901,901,01,428,940,667,879,19
1995-07-16,1995,7,16,อาทิตย์,248122,122,22,571,085,303,758,96
1995-08-01,1995,8,1,อังคาร,464819,819,19,070,274,669,293,59
1995-08-16,1995,8,16,พุธ,265333,333,33,235,455,618,342,51
1995-09-01,1995,9,1,ศุกร์,620837,837,37,693,872,255,644,83
1995-09-16,1995,9,16,เสาร์,876454,454,54,558,297,582,802,51
1995-10-01,1995,10,1,อาทิตย์,317092,092,92,139,819,088,296,76
1995-10-16,1995,10,16,จันทร์,322154,154,54,924,192,716,233,86
1995-11-01,1995,11,1,พุธ,282069,069,69,962,564,194,393,07
1995-11-16,1995,11,16,พฤหัสบดี,239422,422,22,078,883,776,756,85
1995-12-01,1995,12,1,ศุกร์,714426,426,26,516,427,387,073,74
1995-12-16,1995,12,16,เสาร์,952808,808,08,732,540,639,064,68
1995-12-30,1995,12,30,เสาร์,327686,686,86,748,456,145,928,04
1996-01-16,1996,1,16,อังคาร,318302,302,02,882,444,661,971,21
1996-02-01,1996,2,1,พฤหัสบดี,256556,556,56,906,705,549,994,26
1996-02-16,1996,2,16,ศุกร์,681455,455,55,977,664,428,779,49
1996-03-01,1996,3,1,ศุกร์,304855,855,55,760,664,443,945,72
1996-03-16,1996,3,16,เสาร์,019128,128,28,673,796,694,526,27
1996-04-01,1996,4,1,จันทร์,660765,765,65,701,338,839,278,90
1996-04-16,1996,4,16,อังคาร,049584,584,84,435,222,155,052,77
1996-05-02,1996,5,2,พฤหัสบดี,247351,351,51,175,234,661,978,54
1996-05-17,1996,5,17,ศุกร์,978140,140,40,321,443,718,523,75
1996-06-01,1996,6,1,เสาร์,869656,656,56,422,126,961,584,81
1996-06-16,1996,6,16,อาทิตย์,318311,311,11,649,118,735,916,21
1996-07-01,1996,7,1,จันทร์,625379,379,79,666,298,094,543,76
1996-07-16,1996,7,16,อังคาร,332687,687,87,771,547,281,010,91
1996-08-01,1996,8,1,พฤหัสบดี,151091,091,91,646,650,833,669,61
1996-08-16,1996,8,16,ศุกร์,352768,768,68,389,932,609,875,19
1996-09-01,1996,9,1,อาทิตย์,470136,136,36,392,666,927,501,02
1996-09-16,1996,9,16,จันทร์,814368,368,68,889,818,976,400,59
1996-10-01,1996,10,1,อังคาร,947788,788,88,089,166,544,484,97
1996-10-16,1996,10,16,พุธ,198019,019,19,082,270,865,824,18
1996-11-01,1996,11,1,ศุกร์,512694,694,94,290,432,255,964,24
1996-11-16,1996,11,16,เสาร์,951088,088,88,168,349,580,577,21
1996-12-01,1996,12,1,อาทิตย์,179528,528,28,822,365,920,566,66
1996-12-16,1996,12,16,จันทร์,593856,856,56,381,755,608,438,44
1996-12-30,1996,12,30,จันทร์,879454,454,54,314,158,584,,26
1997-01-16,1997,1,16,พฤหัสบดี,151995,995,95,612,257,020,381,47
1997-02-01,1997,2,1,เสาร์,750792,792,92,402,771,703,,57
1997-02-16,1997,2,16,อาทิตย์,499884,884,84,716,247,533,315,94
1997-03-01,1997,3,1,เสาร์,976779,779,79,148,414,791,364,98
1997-03-16,1997,3,16,อาทิตย์,100474,474,74,444,822,705,214,36
1997-04-01,1997,4,1,อังคาร,617629,629,29,426,162,880,015,52
1997-04-16,1997,4,16,พุธ,551450,450,50,654,165,279,085,92
1997-05-02,1997,5,2,ศุกร์,388437,437,37,025,656,056,728,38
1997-05-16,1997,5,16,ศุกร์,088067,067,67,510,621,896,769,52
1997-06-01,1997,6,1,อาทิตย์,643997,997,97,507,918,784,060,24
1997-06-16,1997,6,16,จันทร์,537146,146,46,635,769,982,504,61
1997-07-01,1997,7,1,อังคาร,676573,573,73,909,620,412,092,11
1997-07-16,1997,7,16,พุธ,509691,691,91,982,623,750,944,67
1997-08-01,1997,8,1,ศุกร์,054272,272,72,797,145,414,440,31
1997-08-16,1997,8,16,เสาร์,156967,967,67,235,957,596,,30
1997-09-01,1997,9,1,จันทร์,083537,537,37,132,319,658,716,59
1997-09-16,1997,9,16,อังคาร,527514,514,14,251,335,687,935,98
1997-10-01,1997,10,1,พุธ,444413,413,13,808,689,746,698,24
1997-10-16,1997,10,16,พฤหัสบดี,405124,124,24,280,356,459,125,98
1997-11-01,1997,11,1,เสาร์,974201,201,01,830,877,283,064,39
1997-11-16,1997,11,16,อาทิตย์,875462,462,62,539,573,730,038,99
1997-12-01,1997,12,1,จันทร์,241559,559,59,392,982,677,168,86
1997-12-16,1997,12,16,อังคาร,294240,240,40,975,762,142,408,71
1997-12-30,1997,12,30,อังคาร,675704,704,04,044,327,977,788,65
1998-01-16,1998,1,16,ศุกร์,947195,195,95,425,185,833,792,34
1998-02-01,1998,2,1,อาทิตย์,665959,959,59,381,685,788,941,48
1998-02-16,1998,2,16,จันทร์,612897,897,97,460,234,356,213,69
1998-03-01,1998,3,1,อาทิตย์,236864,864,64,867,285,127,562,74
1998-03-16,1998,3,16,จันทร์,572701,701,01,260,852,943,506,79
1998-04-01,1998,4,1,พุธ,496930,930,30,454,563,882,786,66
1998-04-16,1998,4,16,พฤหัสบดี,146573,573,73,202,153,705,664,17
1998-05-02,1998,5,2,เสาร์,663807,807,07,802,946,143,325,72
1998-05-16,1998,5,16,เสาร์,840043,043,43,984,258,981,950,63
1998-06-01,1998,6,1,จันทร์,820088,088,88,014,649,781,530,67
1998-06-16,1998,6,16,อังคาร,858076,076,76,235,316,219,533,19
1998-07-01,1998,7,1,พุธ,595123,123,23,076,101,606,314,65
1998-07-16,1998,7,16,พฤหัสบดี,599991,991,91,012,401,904,935,52
1998-08-01,1998,8,1,เสาร์,748493,493,93,015,001,771,862,22
1998-08-16,1998,8,16,อาทิตย์,081784,784,84,724,464,644,677,91
1998-09-01,1998,9,1,อังคาร,872795,795,95,316,042,551,060,96
1998-09-16,1998,9,16,พุธ,065720,720,20,782,584,401,311,65
1998-10-01,1998,10,1,พฤหัสบดี,987844,844,44,806,286,728,470,18
1998-10-16,1998,10,16,ศุกร์,261080,080,80,461,935,755,695,74
1998-11-01,1998,11,1,อาทิตย์,920846,846,46,081,316,044,289,29
1998-11-16,1998,11,16,จันทร์,270744,744,44,480,763,785,794,20
1998-12-01,1998,12,1,อังคาร,836569,569,69,115,075,944,200,58
1998-12-16,1998,12,16,พุธ,181813,813,13,306,175,498,560,55
1998-12-30,1998,12,30,พุธ,464147,147,47,778,094,924,983,50
1999-01-16,1999,1,16,เสาร์,190611,611,11,186,543,854,976,13
1999-02-01,1999,2,1,จันทร์,342860,860,60,361,048,735,752,69
1999-02-16,1999,2,16,อังคาร,307213,213,13,456,091,404,782,41
1999-03-02,1999,3,2,อังคาร,660214,214,14,645,612,927,479,58
1999-03-16,1999,3,16,อังคาร,577278,278,78,089,418,606,415,63
1999-04-01,1999,4,1,พฤหัสบดี,479957,957,57,713,471,858,670,92
1999-04-16,1999,4,16,ศุกร์,625094,094,94,394,432,067,859,35
1999-05-02,1999,5,2,อาทิตย์,691483,483,83,686,003,715,184,45
1999-05-16,1999,5,16,อาทิตย์,618818,818,18,843,074,884,870,16
1999-06-01,1999,6,1,อังคาร,077626,626,26,606,177,951,340,08
1999-06-16,1999,6,16,พุธ,278794,794,94,917,422,859,742,63
1999-07-01,1999,7,1,พฤหัสบดี,386441,441,41,152,987,001,211,67
1999-07-16,1999,7,16,ศุกร์,070416,416,16,138,349,343,004,03
1999-08-01,1999,8,1,อาทิตย์,056860,860,60,688,064,303,994,98
1999-08-16,1999,8,16,จันทร์,340998,998,98,696,333,371,111,65
1999-09-01,1999,9,1,พุธ,591344,344,44,261,237,275,861,33
1999-09-16,1999,9,16,พฤหัสบดี,807506,506,06,593,268,283,734,46
1999-10-01,1999,10,1,ศุกร์,830676,676,76,287,215,167,234,80
1999-10-16,1999,10,16,เสาร์,410227,227,27,468,304,750,467,28
1999-11-01,1999,11,1,จันทร์,561335,335,35,655,882,570,141,03
1999-11-16,1999,11,16,อังคาร,764354,354,54,978,723,324,293,14
1999-12-01,1999,12,1,พุธ,669281,281,81,952,896,999,999,79
1999-12-16,1999,12,16,พฤหัสบดี,139853,853,53,131,688,143,656,30
1999-12-30,1999,12,30,พฤหัสบดี,051108,108,08,061,263,540,301,03
2000-01-16,2000,1,16,อาทิตย์,442183,183,83,540,950,269,847,82
2000-02-01,2000,2,1,อังคาร,530213,213,13,109,926,094,597,85
2000-02-16,2000,2,16,พุธ,729816,816,16,631,916,618,181,91
2000-03-01,2000,3,1,พุธ,997833,833,33,817,250,627,416,63
2000-03-16,2000,3,16,พฤหัสบดี,164311,311,11,009,460,071,326,65
2000-04-01,2000,4,1,เสาร์,963948,948,48,477,535,511,018,99
2000-04-16,2000,4,16,อาทิตย์,836777,777,77,950,273,131,362,63
2000-05-02,2000,5,2,อังคาร,070715,715,15,422,287,979,740,20
2000-05-16,2000,5,16,อังคาร,009315,315,15,226,035,929,174,56
2000-06-01,2000,6,1,พฤหัสบดี,592761,761,61,716,705,981,810,16
2000-06-16,2000,6,16,ศุกร์,825696,696,96,592,832,311,771,57
2000-07-01,2000,7,1,เสาร์,674071,071,71,946,761,689,190,29
2000-07-16,2000,7,16,อาทิตย์,931342,342,42,397,237,739,656,43
2000-08-01,2000,8,1,อังคาร,267540,540,40,881,930,665,463,18
2000-08-16,2000,8,16,พุธ,459013,013,13,087,378,155,120,57
2000-09-01,2000,9,1,ศุกร์,437367,367,67,952,290,365,474,52
2000-09-16,2000,9,16,เสาร์,046251,251,51,933,806,860,230,05
2000-10-01,2000,10,1,อาทิตย์,290582,582,82,690,436,618,070,26
2000-10-16,2000,10,16,จันทร์,620662,662,62,276,607,133,372,39
2000-11-01,2000,11,1,พุธ,093182,182,82,046,606,818,407,90
2000-11-16,2000,11,16,พฤหัสบดี,565311,311,11,494,381,044,304,10
2000-12-01,2000,12,1,ศุกร์,887956,956,56,454,664,170,933,56
2000-12-16,2000,12,16,เสาร์,969676,676,76,555,267,313,605,91
2000-12-30,2000,12,30,เสาร์,119451,451,51,600,763,985,357,31
2001-01-16,2001,1,16,อังคาร,737016,016,16,358,515,778,035,36
2001-02-01,2001,2,1,พฤหัสบดี,454703,703,03,089,437,245,063,13
2001-02-16,2001,2,16,ศุกร์,621267,267,67,155,275,673,305,47
2001-03-01,2001,3,1,พฤหัสบดี,836537,537,37,356,147,292,380,85
2001-03-16,2001,3,16,ศุกร์,633616,616,16,400,773,903,350,45
2001-04-01,2001,4,1,อาทิตย์,640998,998,98,600,061,407,877,49
2001-04-16,2001,4,16,จันทร์,140843,843,43,031,952,800,378,28
2001-05-02,2001,5,2,พุธ,205095,095,95,980,543,294,099,64
2001-05-16,2001,5,16,พุธ,091982,982,82,437,507,055,080,61
2001-06-01,2001,6,1,ศุกร์,113311,311,11,490,983,310,920,80
2001-06-16,2001,6,16,เสาร์,762394,394,94,550,395,606,922,75
2001-07-01,2001,7,1,อาทิตย์,107987,987,87,364,296,985,546,34
2001-07-16,2001,7,16,จันทร์,820715,715,15,250,171,282,767,50
2001-08-01,2001,8,1,พุธ,180597,597,97,602,086,864,848,11
2001-08-16,2001,8,16,พฤหัสบดี,690135,135,35,217,717,900,588,10
2001-09-01,2001,9,1,เสาร์,119067,067,67,145,294,218,532,14
2001-09-16,2001,9,16,อาทิตย์,616426,426,26,995,806,291,089,82
2001-10-01,2001,10,1,จันทร์,104154,154,54,827,303,287,058,15
2001-10-16,2001,10,16,อังคาร,975005,005,05,070,626,110,670,48
2001-11-01,2001,11,1,พฤหัสบดี,683472,472,72,392,081,694,431,52
2001-11-16,2001,11,16,ศุกร์,685706,706,06,339,976,600,275,74
2001-12-01,2001,12,1,เสาร์,737022,022,22,713,461,773,925,49
2001-12-16,2001,12,16,อาทิตย์,224675,675,75,887,538,363,902,19
2001-12-30,2001,12,30,อาทิตย์,729367,367,67,873,974,611,107,64
2002-01-16,2002,1,16,พุธ,709670,670,70,895,116,434,109,14
2002-02-01,2002,2,1,ศุกร์,633270,270,70,956,414,621,859,40
2002-02-16,2002,2,16,เสาร์,330853,853,53,167,820,088,769,92
2002-03-01,2002,3,1,ศุกร์,805590,590,90,748,715,434,856,55
2002-03-16,2002,3,16,เสาร์,659152,152,52,370,066,707,943,04
2002-04-01,2002,4,1,จันทร์,990543,543,43,971,430,225,456,57
2002-04-16,2002,4,16,อังคาร,522630,630,30,586,949,997,085,37
2002-05-02,2002,5,2,พฤหัสบดี,590664,664,64,764,739,695,503,56
2002-05-16,2002,5,16,พฤหัสบดี,598714,714,14,765,725,394,508,76
2002-06-01,2002,6,1,เสาร์,161149,149,49,879,643,328,485,02
2002-06-16,2002,6,16,อาทิตย์,073261,261,61,472,156,662,845,07
2002-07-01,2002,7,1,จันทร์,481447,447,47,195,517,763,802,24
2002-07-16,2002,7,16,อังคาร,340264,264,64,304,632,539,034,69
2002-08-01,2002,8,1,พฤหัสบดี,493438,438,38,269,645,544,529,88
2002-08-16,2002,8,16,ศุกร์,120108,108,08,705,173,953,147,57
2002-09-01,2002,9,1,อาทิตย์,994200,200,00,126,799,046,395,51
2002-09-16,2002,9,16,จันทร์,156050,050,50,056,889,823,169,85
2002-10-01,2002,10,1,อังคาร,802505,505,05,864,567,358,189,72
2002-10-16,2002,10,16,พุธ,428641,641,41,150,401,244,177,51
2002-11-01,2002,11,1,ศุกร์,505498,498,98,341,297,747,383,25
2002-11-16,2002,11,16,เสาร์,915344,344,44,191,843,789,906,55
2002-12-01,2002,12,1,อาทิตย์,968422,422,22,298,088,337,809,37
2002-12-16,2002,12,16,จันทร์,019682,682,82,616,312,075,849,67
2002-12-30,2002,12,30,จันทร์,895196,196,96,191,116,689,609,95
2003-01-16,2003,1,16,พฤหัสบดี,977085,085,85,441,535,519,262,06
2003-02-01,2003,2,1,เสาร์,456370,370,70,661,429,806,229,94
2003-02-17,2003,2,17,จันทร์,455578,578,78,805,496,980,857,61
2003-03-01,2003,3,1,เสาร์,441022,022,22,322,026,707,628,42
2003-03-16,2003,3,16,อาทิตย์,653062,062,62,820,208,702,038,64
2003-04-01,2003,4,1,อังคาร,933164,164,64,467,863,732,902,86
2003-04-16,2003,4,16,พุธ,892525,525,25,933,906,796,823,21
2003-05-02,2003,5,2,ศุกร์,135603,603,03,498,870,386,522,12
2003-05-16,2003,5,16,ศุกร์,552784,784,84,608,048,699,362,20
2003-06-01,2003,6,1,อาทิตย์,766066,066,66,083,523,354,686,36
2003-06-16,2003,6,16,จันทร์,389872,872,72,605,995,922,006,29
2003-07-01,2003,7,1,อังคาร,461414,414,14,151,878,395,282,91
2003-07-16,2003,7,16,พุธ,679545,545,45,049,589,281,363,75
2003-08-01,2003,8,1,ศุกร์,766098,098,98,733,856,007,460,91
2003-08-16,2003,8,16,เสาร์,354771,771,71,496,271,206,624,00
2003-09-01,2003,9,1,จันทร์,187813,813,13,661,918,793,249,92
2003-09-16,2003,9,16,อังคาร,600589,589,89,909,356,996,494,53
2003-10-01,2003,10,1,พุธ,912040,040,40,407,100,379,563,43
2003-10-16,2003,10,16,พฤหัสบดี,305500,500,00,109,012,084,470,03
2003-11-01,2003,11,1,เสาร์,941438,438,38,866,156,216,264,47
2003-11-16,2003,11,16,อาทิตย์,238511,511,11,155,767,594,474,68
2003-12-01,2003,12,1,จันทร์,991307,307,07,945,719,559,217,78
2003-12-16,2003,12,16,อังคาร,177947,947,47,676,847,735,571,87
2003-12-30,2003,12,30,อังคาร,739447,447,47,654,435,743,216,64
2004-01-16,2004,1,16,ศุกร์,731342,342,42,025,357,926,391,96
2004-02-01,2004,2,1,อาทิตย์,216822,822,22,361,242,769,765,77
2004-02-16,2004,2,16,จันทร์,698002,002,02,877,309,798,072,00
2004-03-01,2004,3,1,จันทร์,697483,483,83,610,510,759,206,50
2004-03-16,2004,3,16,อังคาร,615366,366,66,779,094,478,830,69
2004-04-01,2004,4,1,พฤหัสบดี,196391,391,91,808,918,257,851,62
2004-04-16,2004,4,16,ศุกร์,705832,832,32,008,966,634,721,12
2004-05-02,2004,5,2,อาทิตย์,653403,403,03,385,550,822,101,91
2004-05-16,2004,5,16,อาทิตย์,589207,207,07,492,992,526,253,13
2004-06-01,2004,6,1,อังคาร,614144,144,44,990,776,425,992,72
2004-06-16,2004,6,16,พุธ,208713,713,13,414,911,459,986,87
2004-07-01,2004,7,1,พฤหัสบดี,312471,471,71,313,598,664,261,66
2004-07-16,2004,7,16,ศุกร์,205588,588,88,696,726,461,154,25
2004-08-02,2004,8,2,จันทร์,868990,990,90,956,811,510,377,45
2004-08-16,2004,8,16,จันทร์,335921,921,21,114,082,559,288,59
2004-09-01,2004,9,1,พุธ,096597,597,97,709,929,014,456,70
2004-09-16,2004,9,16,พฤหัสบดี,923373,373,73,295,888,774,867,59
2004-10-01,2004,10,1,ศุกร์,110866,866,66,200,547,781,806,66
2004-10-16,2004,10,16,เสาร์,355858,858,58,162,200,438,890,62
2004-11-01,2004,11,1,จันทร์,185966,966,66,862,137,745,661,23
2004-11-16,2004,11,16,อังคาร,754622,622,22,918,019,744,904,64
2004-12-01,2004,12,1,พุธ,504658,658,58,139,014,984,691,69
2004-12-16,2004,12,16,พฤหัสบดี,479372,372,72,288,075,999,183,17
2004-12-30,2004,12,30,พฤหัสบดี,168858,858,58,221,603,627,179,28
2005-01-16,2005,1,16,อาทิตย์,335022,022,22,689,291,039,479,08
2005-02-01,2005,2,1,อังคาร,540054,054,54,389,180,863,571,34
2005-02-16,2005,2,16,พุธ,816422,422,22,086,356,192,065,53
2005-03-01,2005,3,1,อังคาร,800751,751,51,681,714,998,669,93
2005-03-16,2005,3,16,พุธ,196345,345,45,073,601,783,394,03
2005-04-01,2005,4,1,ศุกร์,815753,753,53,482,381,224,807,69
2005-04-16,2005,4,16,เสาร์,119327,327,27,081,968,346,627,10
2005-05-02,2005,5,2,จันทร์,772467,467,67,017,383,815,073,43
2005-05-16,2005,5,16,จันทร์,867134,134,34,376,648,465,693,97
2005-06-01,2005,6,1,พุธ,176893,893,93,579,616,405,,35
2005-06-16,2005,6,16,พฤหัสบดี,793070,070,70,806,021,074,605,44
2005-07-01,2005,7,1,ศุกร์,009554,554,54,798,427,641,244,87
2005-07-16,2005,7,16,เสาร์,477452,452,52,757,150,460,642,13
2005-08-01,2005,8,1,จันทร์,961633,633,33,055,152,386,272,26
2005-08-16,2005,8,16,อังคาร,475560,560,60,272,844,103,915,68
2005-09-01,2005,9,1,พฤหัสบดี,316933,933,33,123,338,969,047,17
2005-09-16,2005,9,16,ศุกร์,214768,768,68,498,282,124,057,10
2005-10-01,2005,10,1,เสาร์,766482,482,82,551,792,275,,24
2005-10-16,2005,10,16,อาทิตย์,041072,072,72,346,913,269,,71
2005-11-01,2005,11,1,อังคาร,970577,577,77,171,375,009,216,98
2005-11-16,2005,11,16,พุธ,742518,518,18,502,741,887,137,80
2005-12-01,2005,12,1,พฤหัสบดี,388551,551,51,072,764,027,770,17
2005-12-16,2005,12,16,ศุกร์,449565,565,65,802,162,958,994,86
2005-12-30,2005,12,30,ศุกร์,492955,955,55,066,308,742,150,94
2006-01-16,2006,1,16,จันทร์,432747,747,47,222,789,965,200,79
2006-02-01,2006,2,1,พุธ,412729,729,29,915,720,149,384,87
2006-02-16,2006,2,16,พฤหัสบดี,317009,009,09,784,240,135,280,66
2006-03-01,2006,3,1,พุธ,582473,473,73,586,801,108,914,43
2006-03-16,2006,3,16,พฤหัสบดี,936177,177,77,486,185,205,320,30
2006-04-01,2006,4,1,เสาร์,738365,365,65,064,955,301,522,95
2006-04-16,2006,4,16,อาทิตย์,038564,564,64,210,442,769,877,49
2006-05-02,2006,5,2,อังคาร,024554,554,54,006,438,082,117,27
2006-05-16,2006,5,16,อังคาร,100344,344,44,386,463,811,696,71
2006-06-01,2006,6,1,พฤหัสบดี,810850,850,50,526,149,382,664,99
2006-06-16,2006,6,16,ศุกร์,100935,935,35,381,410,595,250,17
2006-07-01,2006,7,1,เสาร์,952890,890,90,126,183,017,839,65
2006-07-16,2006,7,16,อาทิตย์,512434,434,34,989,098,518,432,48
2006-08-01,2006,8,1,อังคาร,238654,654,54,847,005,817,487,88
2006-08-16,2006,8,16,พุธ,977486,486,86,221,305,230,103,91
2006-09-01,2006,9,1,ศุกร์,381761,761,61,600,693,093,626,44
2006-09-16,2006,9,16,เสาร์,217948,948,48,916,290,864,121,41
2006-10-01,2006,10,1,อาทิตย์,952335,335,35,007,804,879,951,92
2006-10-16,2006,10,16,จันทร์,264825,825,25,903,092,358,832,58
2006-11-01,2006,11,1,พุธ,910957,957,57,647,739,137,905,29
2006-11-16,2006,11,16,พฤหัสบดี,562856,856,56,508,307,680,347,94
2006-12-01,2006,12,1,ศุกร์,270052,052,52,621,462,091,236,12
2006-12-16,2006,12,16,เสาร์,147977,977,77,439,694,647,197,45
2006-12-30,2006,12,30,เสาร์,778584,584,84,811,403,164,971,07
2007-01-16,2007,1,16,อังคาร,838739,739,39,293,263,845,803,55
2007-02-01,2007,2,1,พฤหัสบดี,769925,925,25,893,239,287,865,56
2007-02-16,2007,2,16,ศุกร์,277859,859,59,625,607,979,384,95
2007-03-01,2007,3,1,พฤหัสบดี,742425,425,25,949,294,942,801,61
2007-03-16,2007,3,16,ศุกร์,876763,763,63,191,001,906,350,85
2007-04-01,2007,4,1,อาทิตย์,622780,780,80,677,794,814,022,93
2007-04-16,2007,4,16,จันทร์,405105,105,05,013,987,866,522,63
2007-05-02,2007,5,2,พุธ,430374,374,74,553,442,881,729,81
2007-05-16,2007,5,16,พุธ,232897,897,97,924,858,751,585,25
2007-06-01,2007,6,1,ศุกร์,836393,393,93,739,242,523,433,05
2007-06-16,2007,6,16,เสาร์,393194,194,94,989,907,424,589,41
2007-07-01,2007,7,1,อาทิตย์,565151,151,51,146,287,638,949,76
2007-07-16,2007,7,16,จันทร์,527384,384,84,105,183,334,947,77
2007-08-01,2007,8,1,พุธ,429924,924,24,006,048,885,962,29
2007-08-16,2007,8,16,พฤหัสบดี,476207,207,07,234,236,312,424,93
2007-09-01,2007,9,1,เสาร์,331810,810,10,293,505,518,520,69
2007-09-16,2007,9,16,อาทิตย์,499336,336,36,247,273,604,608,45
2007-10-01,2007,10,1,จันทร์,430667,667,67,090,104,126,,76
2007-10-16,2007,10,16,อังคาร,032988,988,88,158,663,685,846,48
2007-11-01,2007,11,1,พฤหัสบดี,927907,907,07,213,277,524,648,88
2007-11-16,2007,11,16,ศุกร์,562481,481,81,130,198,752,844,73
2007-12-01,2007,12,1,เสาร์,113410,410,10,418,485,627,659,18
2007-12-16,2007,12,16,อาทิตย์,513501,501,01,425,432,460,702,96
2007-12-30,2007,12,30,อาทิตย์,595411,411,11,267,490,741,787,81
2008-01-16,2008,1,16,พุธ,556010,010,10,413,548,942,965,81
2008-02-01,2008,2,1,ศุกร์,212684,684,84,311,472,732,796,26
2008-02-16,2008,2,16,เสาร์,137054,054,54,344,512,630,892,80
2008-03-01,2008,3,1,เสาร์,936685,685,85,056,085,371,691,05
2008-03-16,2008,3,16,อาทิตย์,074946,946,46,077,974,085,158,33
2008-04-01,2008,4,1,อังคาร,012653,653,53,124,195,200,586,71
2008-04-16,2008,4,16,พุธ,982800,800,00,802,584,043,008,64
2008-05-02,2008,5,2,ศุกร์,453011,011,11,001,133,001,792,62
2008-05-16,2008,5,16,ศุกร์,329231,231,31,193,120,355,214,69
2008-06-01,2008,6,1,อาทิตย์,414875,875,75,370,666,747,916,35
2008-06-16,2008,6,16,จันทร์,729111,111,11,339,345,639,870,75
2008-07-01,2008,7,1,อังคาร,943671,671,71,096,287,490,523,50
2008-07-16,2008,7,16,พุธ,257374,374,74,344,401,486,576,41
2008-08-01,2008,8,1,ศุกร์,850348,348,48,236,386,408,913,11
2008-08-16,2008,8,16,เสาร์,380377,377,77,161,445,457,744,36
2008-09-01,2008,9,1,จันทร์,695993,993,93,027,206,413,904,09
2008-09-16,2008,9,16,อังคาร,012377,377,77,378,534,557,691,56
2008-10-01,2008,10,1,พุธ,882911,911,11,204,302,311,395,67
2008-10-16,2008,10,16,พฤหัสบดี,431277,277,77,324,526,644,648,98
2008-11-01,2008,11,1,เสาร์,272028,028,28,285,333,421,929,76
2008-11-16,2008,11,16,อาทิตย์,002612,612,12,068,589,824,877,20
2008-12-01,2008,12,1,จันทร์,205434,434,34,013,260,617,957,05
2008-12-16,2008,12,16,อังคาร,074114,114,14,305,715,803,959,25
2008-12-30,2008,12,30,อังคาร,218596,596,96,094,197,831,984,22
2009-01-16,2009,1,16,ศุกร์,743212,212,12,266,800,842,885,25
2009-02-01,2009,2,1,อาทิตย์,534533,533,33,660,777,015,427,69
2009-02-16,2009,2,16,จันทร์,038730,730,30,961,939,115,434,93
2009-03-01,2009,3,1,อาทิตย์,553091,091,91,224,238,665,295,67
2009-03-16,2009,3,16,จันทร์,268812,812,12,228,929,424,063,36
2009-04-01,2009,4,1,พุธ,816578,578,78,572,363,113,044,50
2009-04-16,2009,4,16,พฤหัสบดี,368415,415,15,954,179,007,570,33
2009-05-02,2009,5,2,เสาร์,294452,452,52,222,549,947,301,11
2009-05-16,2009,5,16,เสาร์,111411,411,11,368,838,362,892,54
2009-06-01,2009,6,1,จันทร์,777661,661,61,242,097,240,642,26
2009-06-16,2009,6,16,อังคาร,930456,456,56,125,044,954,179,15
2009-07-01,2009,7,1,พุธ,207542,542,42,233,107,799,385,66
2009-07-16,2009,7,16,พฤหัสบดี,000816,816,16,005,177,356,836,94
2009-08-01,2009,8,1,เสาร์,154986,986,86,688,239,421,374,92
2009-08-16,2009,8,16,อาทิตย์,462933,933,33,843,292,577,658,96
2009-09-01,2009,9,1,อังคาร,015865,865,65,435,447,446,924,32
2009-09-16,2009,9,16,พุธ,202912,912,12,200,353,539,166,48
2009-10-01,2009,10,1,พฤหัสบดี,169387,387,87,249,435,714,255,06
2009-10-16,2009,10,16,ศุกร์,258487,487,87,174,135,226,122,00
2009-11-01,2009,11,1,อาทิตย์,689140,140,40,366,923,642,465,85
2009-11-16,2009,11,16,จันทร์,055986,986,86,299,952,072,536,58
2009-12-01,2009,12,1,อังคาร,776980,980,80,937,188,412,252,59
2009-12-16,2009,12,16,พุธ,685141,141,41,694,775,524,142,05
2009-12-30,2009,12,30,พุธ,994304,304,04,993,337,419,598,87
2010-01-16,2010,1,16,เสาร์,073577,577,77,413,459,781,646,67
2010-02-01,2010,2,1,จันทร์,186312,312,12,936,577,694,403,14
2010-02-16,2010,2,16,อังคาร,133707,707,07,137,026,362,985,03
2010-03-01,2010,3,1,จันทร์,215227,227,27,457,627,374,470,97
2010-03-16,2010,3,16,อังคาร,364222,222,22,619,996,229,756,97
2010-04-01,2010,4,1,พฤหัสบดี,959517,517,17,174,663,447,040,22
2010-04-16,2010,4,16,ศุกร์,211743,743,43,811,744,154,285,96
2010-05-02,2010,5,2,อาทิตย์,360371,371,71,382,040,517,618,06
2010-05-16,2010,5,16,อาทิตย์,480012,012,12,293,151,770,008,12
2010-06-01,2010,6,1,อังคาร,444874,874,74,374,298,996,673,81
2010-06-16,2010,6,16,พุธ,500104,104,04,200,628,681,816,73
2010-07-01,2010,7,1,พฤหัสบดี,480239,239,39,893,450,918,961,68
2010-07-16,2010,7,16,ศุกร์,180387,387,87,309,219,572,024,34
2010-08-01,2010,8,1,อาทิตย์,210008,008,08,769,182,727,191,10
2010-08-16,2010,8,16,จันทร์,911097,097,97,986,578,448,689,64
2010-09-01,2010,9,1,พุธ,354656,656,56,784,570,096,,11
2010-09-16,2010,9,16,พฤหัสบดี,017422,422,22,103,316,431,075,66
2010-10-01,2010,10,1,ศุกร์,488372,372,72,091,996,003,246,02
2010-10-16,2010,10,16,เสาร์,621377,377,77,310,518,385,872,42
2010-11-01,2010,11,1,จันทร์,191100,100,00,653,968,801,739,59
2010-11-16,2010,11,16,อังคาร,813993,993,93,763,979,907,129,43
2010-12-01,2010,12,1,พุธ,181752,752,52,664,470,474,086,09
2010-12-16,2010,12,16,พฤหัสบดี,334380,380,80,529,315,533,306,24
2010-12-30,2010,12,30,พฤหัสบดี,884112,112,12,936,153,186,933,49
2011-01-16,2011,1,16,อาทิตย์,281062,062,62,227,185,758,546,23
2011-02-01,2011,2,1,อังคาร,610089,089,89,596,361,121,432,55
2011-02-16,2011,2,16,พุธ,481746,746,46,535,510,384,388,27
2011-03-01,2011,3,1,อังคาร,656037,037,37,544,357,926,396,97
2011-03-16,2011,3,16,พุธ,593331,331,31,209,945,463,737,96
2011-04-01,2011,4,1,ศุกร์,814931,931,31,723,584,040,036,01
2011-04-16,2011,4,16,เสาร์,825988,988,88,263,213,397,593,44
2011-05-02,2011,5,2,จันทร์,054136,136,36,421,945,133,524,85
2011-05-16,2011,5,16,จันทร์,406417,417,17,700,044,071,889,05
2011-06-01,2011,6,1,พุธ,562370,370,70,656,346,801,556,46
2011-06-16,2011,6,16,พฤหัสบดี,351276,276,76,486,167,162,582,88
2011-07-01,2011,7,1,ศุกร์,622953,953,53,390,160,780,463,51
2011-07-16,2011,7,16,เสาร์,116556,556,56,227,052,534,609,12
2011-08-01,2011,8,1,จันทร์,218756,756,56,703,583,660,221,12
2011-08-16,2011,8,16,อังคาร,536960,960,60,814,345,074,005,62
2011-09-01,2011,9,1,พฤหัสบดี,724533,533,33,847,021,821,,85
2011-09-16,2011,9,16,ศุกร์,731198,198,98,384,645,812,589,28
2011-10-01,2011,10,1,เสาร์,511052,052,52,957,104,189,499,15
2011-10-16,2011,10,16,อาทิตย์,955756,756,56,991,057,329,507,83
2011-11-01,2011,11,1,อังคาร,805540,540,40,771,380,065,221,54
2011-11-16,2011,11,16,พุธ,997777,777,77,425,551,406,993,57
2011-12-01,2011,12,1,พฤหัสบดี,408147,147,47,922,253,857,739,02
2011-12-16,2011,12,16,ศุกร์,884178,178,78,784,235,651,295,21
2011-12-30,2011,12,30,ศุกร์,526402,402,02,168,026,541,597,65
2012-01-16,2012,1,16,จันทร์,451445,445,45,328,150,941,639,81
2012-02-01,2012,2,1,พุธ,320605,605,05,749,426,498,598,32
2012-02-16,2012,2,16,พฤหัสบดี,648684,684,84,906,214,111,420,18
2012-03-01,2012,3,1,พฤหัสบดี,222518,518,18,295,135,711,199,79
2012-03-16,2012,3,16,ศุกร์,607064,064,64,606,333,573,350,08
2012-04-01,2012,4,1,อาทิตย์,257562,562,62,581,074,616,332,69
2012-04-16,2012,4,16,จันทร์,583470,470,70,216,088,722,754,62
2012-05-02,2012,5,2,พุธ,889501,501,01,589,597,426,468,29
2012-05-16,2012,5,16,พุธ,814418,418,18,504,309,902,101,31
2012-06-01,2012,6,1,ศุกร์,882727,727,27,606,576,895,399,38
2012-06-16,2012,6,16,เสาร์,159373,373,73,238,790,479,547,51
2012-07-01,2012,7,1,อาทิตย์,915900,900,00,715,656,530,611,60
2012-07-16,2012,7,16,จันทร์,904050,050,50,897,224,159,042,11
2012-08-01,2012,8,1,พุธ,895590,590,90,820,599,796,745,50
2012-08-16,2012,8,16,พฤหัสบดี,683877,877,77,032,612,775,730,28
2012-09-01,2012,9,1,เสาร์,329997,997,97,736,598,148,639,07
2012-09-16,2012,9,16,อาทิตย์,540143,143,43,242,752,123,770,79
2012-10-01,2012,10,1,จันทร์,124025,025,25,940,554,291,873,58
2012-10-16,2012,10,16,อังคาร,281343,343,43,152,089,396,868,28
2012-11-01,2012,11,1,พฤหัสบดี,524694,694,94,217,188,285,338,63
2012-11-16,2012,11,16,ศุกร์,639500,500,00,576,560,804,627,15
2012-12-01,2012,12,1,เสาร์,110443,443,43,434,553,489,303,43
2012-12-16,2012,12,16,อาทิตย์,529524,524,24,734,745,778,008,72
2012-12-30,2012,12,30,อาทิตย์,302358,358,58,589,864,126,832,00
2013-01-16,2013,1,16,พุธ,820981,981,81,555,196,374,334,08
2013-02-01,2013,2,1,ศุกร์,565566,566,66,452,695,641,782,66
2013-02-16,2013,2,16,เสาร์,368257,257,57,657,708,109,386,09
2013-03-01,2013,3,1,ศุกร์,976241,241,41,972,721,133,775,37
2013-03-16,2013,3,16,เสาร์,968433,433,33,860,959,175,529,52
2013-04-01,2013,4,1,จันทร์,571688,688,88,170,430,670,725,53
2013-04-16,2013,4,16,อังคาร,843846,846,46,834,862,906,828,86
2013-05-02,2013,5,2,พฤหัสบดี,603458,458,58,272,359,516,830,07
2013-05-16,2013,5,16,พฤหัสบดี,687125,125,25,034,261,390,945,56
2013-06-01,2013,6,1,เสาร์,935489,489,89,480,713,716,768,90
2013-06-16,2013,6,16,อาทิตย์,289673,673,73,390,098,114,502,69
2013-07-01,2013,7,1,จันทร์,646905,905,05,075,284,903,904,51
2013-07-16,2013,7,16,อังคาร,566996,996,96,352,210,584,526,86
2013-08-01,2013,8,1,พฤหัสบดี,356435,435,35,880,451,718,329,82
2013-08-16,2013,8,16,ศุกร์,321327,327,27,417,945,448,201,20
2013-09-01,2013,9,1,อาทิตย์,548123,123,23,281,570,800,045,05
2013-09-16,2013,9,16,จันทร์,562684,684,84,056,235,574,754,63
2013-10-01,2013,10,1,อังคาร,647882,882,82,576,324,650,028,14
2013-10-16,2013,10,16,พุธ,963289,289,89,402,529,876,952,60
2013-11-01,2013,11,1,ศุกร์,739804,804,04,502,020,256,173,47
2013-11-16,2013,11,16,เสาร์,806925,925,25,304,672,753,,28
2013-12-01,2013,12,1,อาทิตย์,168795,795,95,734,766,074,980,27
2013-12-16,2013,12,16,จันทร์,341767,767,67,111,228,742,826,79
2013-12-30,2013,12,30,จันทร์,561072,072,72,513,750,503,275,48
2014-01-16,2014,1,16,พฤหัสบดี,306902,902,02,242,077,149,510,52
2014-02-01,2014,2,1,เสาร์,180149,149,49,406,492,888,976,95
2014-02-16,2014,2,16,อาทิตย์,384245,245,45,397,530,074,521,01
2014-03-01,2014,3,1,เสาร์,906318,318,18,116,537,753,798,35
2014-03-16,2014,3,16,อาทิตย์,531404,404,04,250,305,400,904,79
2014-04-01,2014,4,1,อังคาร,028866,866,66,186,499,835,938,95
2014-04-16,2014,4,16,พุธ,153406,406,06,344,013,355,634,26
2014-05-02,2014,5,2,ศุกร์,103297,297,97,143,158,673,797,52
2014-05-16,2014,5,16,ศุกร์,087523,523,23,150,505,112,246,20
2014-06-01,2014,6,1,อาทิตย์,781198,198,98,160,324,409,636,18
2014-06-16,2014,6,16,จันทร์,673920,920,20,158,140,639,576,95
2014-07-01,2014,7,1,อังคาร,378477,477,77,123,271,441,864,39
2014-07-16,2014,7,16,พุธ,468728,728,28,104,944,117,205,45
2014-08-01,2014,8,1,ศุกร์,766391,391,91,349,576,623,637,82
2014-08-16,2014,8,16,เสาร์,662842,842,42,639,912,187,633,91
2014-09-01,2014,9,1,จันทร์,856763,763,63,308,912,477,490,22
2014-09-16,2014,9,16,อังคาร,772269,269,69,112,257,342,790,35
2014-10-01,2014,10,1,พุธ,375615,615,15,251,086,159,520,44
2014-10-16,2014,10,16,พฤหัสบดี,656409,409,09,647,784,848,910,94
2014-11-01,2014,11,1,เสาร์,206608,608,08,607,203,855,979,44
2014-11-16,2014,11,16,อาทิตย์,479804,804,04,179,422,480,709,25
2014-12-01,2014,12,1,จันทร์,480449,449,49,820,380,580,161,11
2014-12-16,2014,12,16,อังคาร,948354,354,54,080,763,775,901,90
2014-12-30,2014,12,30,อังคาร,461704,704,04,853,982,535,950,57
2015-01-16,2015,1,16,ศุกร์,244351,351,51,068,398,595,877,74
2015-02-01,2015,2,1,อาทิตย์,155537,537,37,083,286,813,008,79
2015-02-16,2015,2,16,จันทร์,001864,864,64,843,103,825,392,90
2015-03-01,2015,3,1,อาทิตย์,240237,237,37,498,031,857,008,34
2015-03-16,2015,3,16,จันทร์,048151,151,51,339,622,623,757,92
2015-04-01,2015,4,1,พุธ,605704,704,04,558,962,557,861,70
2015-04-16,2015,4,16,พฤหัสบดี,506260,260,60,101,164,495,973,38
2015-05-02,2015,5,2,เสาร์,543466,466,66,818,163,366,195,30
2015-05-16,2015,5,16,เสาร์,011421,421,21,799,484,851,928,38
2015-06-02,2015,6,2,อังคาร,388881,881,81,314,700,876,969,65
2015-06-16,2015,6,16,อังคาร,644742,742,42,429,253,386,532,05
2015-07-01,2015,7,1,พุธ,759049,049,49,565,814,081,567,26
2015-07-16,2015,7,16,พฤหัสบดี,121507,507,07,761,461,830,294,49
2015-08-01,2015,8,1,เสาร์,518677,677,77,333,598,648,889,53
2015-08-16,2015,8,16,อาทิตย์,033363,363,63,781,227,624,648,40
2015-09-01,2015,9,1,อังคาร,021094,094,94,260,403,068,819,89
2015-09-16,2015,9,16,พุธ,743148,148,48,435,209,375,084,06
2015-10-01,2015,10,1,พฤหัสบดี,594825,825,25,175,918,440,799,07
2015-10-16,2015,10,16,ศุกร์,968630,630,30,457,134,412,054,62
2015-11-01,2015,11,1,อาทิตย์,361211,211,11,106,757,166,473,45
2015-11-16,2015,11,16,จันทร์,795283,283,83,241,028,643,802,03
2015-12-01,2015,12,1,อังคาร,915350,350,50,238,181,714,175,78
2015-12-17,2015,12,17,พฤหัสบดี,930255,255,55,140,250,094,638,08
2015-12-30,2015,12,30,พุธ,008217,217,17,246,264,596,895,02
2016-01-17,2016,1,17,อาทิตย์,304371,371,71,031,532,743,786,50
2016-02-01,2016,2,1,จันทร์,927800,800,00,625,999,054,076,09
2016-02-16,2016,2,16,อังคาร,356364,364,64,312,699,309,535,98
2016-03-01,2016,3,1,อังคาร,439686,686,86,426,530,155,743,06
2016-03-16,2016,3,16,พุธ,134918,918,18,855,877,004,973,32
2016-04-01,2016,4,1,ศุกร์,066720,720,20,390,546,285,852,92
2016-04-16,2016,4,16,เสาร์,221609,609,09,008,228,507,523,87
2016-05-02,2016,5,2,จันทร์,399459,459,59,238,403,046,671,02
2016-05-16,2016,5,16,จันทร์,141737,737,37,382,975,087,268,98
2016-06-01,2016,6,1,พุธ,511825,825,25,111,775,880,937,14
2016-06-16,2016,6,16,พฤหัสบดี,073816,816,16,251,804,321,749,79
2016-07-01,2016,7,1,ศุกร์,082460,460,60,169,609,173,302,53
2016-07-16,2016,7,16,เสาร์,449764,764,64,552,734,158,925,55
2016-08-01,2016,8,1,จันทร์,272932,932,32,538,983,472,871,57
2016-08-16,2016,8,16,อังคาร,254004,004,04,366,966,596,631,33
2016-09-01,2016,9,1,พฤหัสบดี,638684,684,84,334,335,630,669,62
2016-09-16,2016,9,16,ศุกร์,240650,650,50,493,583,043,160,42
2016-10-01,2016,10,1,เสาร์,887102,102,02,194,280,017,458,33
2016-10-16,2016,10,16,อาทิตย์,571947,947,47,692,885,032,587,98
2016-11-01,2016,11,1,อังคาร,785438,438,38,824,976,038,752,86
2016-11-16,2016,11,16,พุธ,858383,383,83,040,682,558,570,44
2016-12-01,2016,12,1,พฤหัสบดี,086069,069,69,513,873,148,450,77
2016-12-16,2016,12,16,ศุกร์,435286,286,86,366,596,199,716,35
2016-12-30,2016,12,30,ศุกร์,377712,712,12,304,890,477,769,46
2017-01-17,2017,1,17,อังคาร,145157,157,57,511,663,516,836,25
2017-02-01,2017,2,1,พุธ,054672,672,72,066,807,426,628,42
2017-02-16,2017,2,16,พฤหัสบดี,229116,116,16,128,464,375,953,14
2017-03-01,2017,3,1,พุธ,978453,453,53,450,560,052,577,78
2017-03-16,2017,3,16,พฤหัสบดี,273863,863,63,324,918,694,941,92
2017-04-01,2017,4,1,เสาร์,392785,785,85,020,057,500,709,80
2017-04-16,2017,4,16,อาทิตย์,816729,729,29,766,973,241,807,40
2017-05-02,2017,5,2,อังคาร,008656,656,56,573,949,773,923,35
2017-05-16,2017,5,16,อังคาร,454891,891,91,008,396,490,603,53
2017-06-01,2017,6,1,พฤหัสบดี,053630,630,30,121,218,581,881,61
2017-06-16,2017,6,16,ศุกร์,943142,142,42,626,878,373,740,47
2017-07-01,2017,7,1,เสาร์,112360,360,60,226,489,005,688,26
2017-07-16,2017,7,16,อาทิตย์,820327,327,27,584,835,390,823,87
2017-08-01,2017,8,1,อังคาร,756519,519,19,061,386,787,989,36
2017-08-16,2017,8,16,พุธ,715431,431,31,115,302,253,945,37
2017-09-01,2017,9,1,ศุกร์,143224,224,24,345,679,195,278,65
2017-09-16,2017,9,16,เสาร์,170143,143,43,172,647,340,388,71
2017-10-01,2017,10,1,อาทิตย์,880714,714,14,611,726,462,952,52
2017-10-16,2017,10,16,จันทร์,413494,494,94,180,971,128,287,86
2017-11-01,2017,11,1,พุธ,533726,726,26,165,425,036,485,85
2017-11-16,2017,11,16,พฤหัสบดี,292391,391,91,831,961,477,628,98
2017-12-01,2017,12,1,ศุกร์,451005,005,05,303,626,257,601,33
2017-12-16,2017,12,16,เสาร์,955596,596,96,616,836,290,938,89
2017-12-30,2017,12,30,เสาร์,911234,234,34,373,495,504,953,98
2018-01-17,2018,1,17,พุธ,203823,823,23,624,799,236,397,50
2018-02-01,2018,2,1,พฤหัสบดี,026853,853,53,106,947,181,519,31
2018-02-16,2018,2,16,ศุกร์,309915,915,15,007,388,230,748,39
2018-03-02,2018,3,2,ศุกร์,759415,415,15,318,870,589,723,29
2018-03-16,2018,3,16,ศุกร์,218559,559,59,064,720,205,489,82
2018-04-01,2018,4,1,อาทิตย์,412073,073,73,131,787,638,924,85
2018-04-16,2018,4,16,จันทร์,739229,229,29,273,654,076,526,60
2018-05-02,2018,5,2,พุธ,248038,038,38,527,980,225,602,85
2018-05-16,2018,5,16,พุธ,075629,629,29,130,357,047,506,20
2018-06-01,2018,6,1,ศุกร์,988117,117,17,310,553,248,650,95
2018-06-16,2018,6,16,เสาร์,223131,131,31,432,507,132,868,46
2018-07-01,2018,7,1,อาทิตย์,963623,623,23,429,901,210,217,83
2018-07-16,2018,7,16,จันทร์,596324,324,24,403,530,138,362,27
2018-08-01,2018,8,1,พุธ,386602,602,02,832,903,549,726,78
2018-08-16,2018,8,16,พฤหัสบดี,586117,117,17,340,670,591,815,10
2018-09-01,2018,9,1,เสาร์,734510,510,10,464,512,097,202,26
2018-09-16,2018,9,16,อาทิตย์,149760,760,60,323,539,155,297,79
2018-10-01,2018,10,1,จันทร์,452643,643,43,594,726,561,810,99
2018-10-16,2018,10,16,อังคาร,200515,515,15,186,392,192,212,93
2018-11-01,2018,11,1,พฤหัสบดี,149840,840,40,384,576,046,509,58
2018-11-16,2018,11,16,ศุกร์,989903,903,03,471,930,140,876,16
2018-12-01,2018,12,1,เสาร์,021840,840,40,045,307,561,988,67
2018-12-16,2018,12,16,อาทิตย์,356564,564,64,480,948,297,369,62
2018-12-30,2018,12,30,อาทิตย์,735867,867,67,031,913,701,884,02
2019-01-17,2019,1,17,พฤหัสบดี,197079,079,79,206,412,127,660,65
2019-02-01,2019,2,1,ศุกร์,967134,134,34,643,779,197,948,04
2019-02-16,2019,2,16,เสาร์,074824,824,24,881,910,612,879,56
2019-03-01,2019,3,1,ศุกร์,345650,650,50,137,999,830,837,65
2019-03-16,2019,3,16,เสาร์,724628,628,28,148,883,154,877,64
2019-04-01,2019,4,1,จันทร์,109767,767,67,888,959,403,975,52
2019-04-16,2019,4,16,อังคาร,570331,331,31,512,930,966,968,23
2019-05-02,2019,5,2,พฤหัสบดี,061324,324,24,043,476,374,699,25
2019-05-16,2019,5,16,พฤหัสบดี,962526,526,26,669,949,018,828,71
2019-06-01,2019,6,1,เสาร์,516461,461,61,589,713,215,560,46
2019-06-16,2019,6,16,อาทิตย์,174055,055,55,625,884,127,800,29
2019-07-01,2019,7,1,จันทร์,943647,647,47,239,864,006,375,86
2019-07-15,2019,7,15,จันทร์,369765,765,65,355,901,113,556,88
2019-08-01,2019,8,1,พฤหัสบดี,387006,006,06,135,983,562,795,58
2019-08-16,2019,8,16,ศุกร์,775476,476,76,149,912,563,580,89
2019-09-01,2019,9,1,อาทิตย์,798787,787,87,210,847,274,439,20
2019-09-16,2019,9,16,จันทร์,340388,388,88,733,947,925,939,85
2019-10-01,2019,10,1,อังคาร,691197,197,97,392,920,606,797,59
2019-10-16,2019,10,16,พุธ,812564,564,64,255,625,132,598,15
2019-11-01,2019,11,1,ศุกร์,967375,375,75,323,806,021,206,79
2019-11-16,2019,11,16,เสาร์,017223,223,23,164,640,085,194,32
2019-12-01,2019,12,1,อาทิตย์,453522,522,22,261,617,013,457,81
2019-12-16,2019,12,16,จันทร์,529924,924,24,043,138,555,665,97
2019-12-30,2019,12,30,จันทร์,510541,541,41,116,382,140,250,81
2020-01-17,2020,1,17,ศุกร์,491774,774,74,004,132,379,595,68
2020-02-01,2020,2,1,เสาร์,589227,227,27,259,552,375,927,06
2020-02-16,2020,2,16,อาทิตย์,781403,403,03,515,952,030,918,94
2020-03-01,2020,3,1,อาทิตย์,875938,938,38,294,328,597,780,98
2020-03-16,2020,3,16,จันทร์,503446,446,46,258,726,404,661,77
2020-04-01,2020,4,1,พุธ,051095,095,95,285,430,191,364,22
2020-06-01,2020,6,1,จันทร์,831567,567,67,264,489,562,582,24
2020-06-16,2020,6,16,อังคาร,516967,967,67,876,882,565,625,64
2020-07-01,2020,7,1,พุธ,347258,258,58,095,362,094,307,83
2020-07-16,2020,7,16,พฤหัสบดี,873286,286,86,510,533,494,682,53
2020-08-01,2020,8,1,เสาร์,569391,391,91,575,931,578,809,92
2020-08-16,2020,8,16,อาทิตย์,945811,811,11,614,712,364,733,88
2020-09-01,2020,9,1,อังคาร,999997,997,97,636,725,342,957,98
2020-09-16,2020,9,16,พุธ,244083,083,83,127,220,623,853,57
2020-10-01,2020,10,1,พฤหัสบดี,837893,893,93,594,757,110,595,59
2020-10-16,2020,10,16,ศุกร์,286051,051,51,189,464,045,980,38
2020-11-01,2020,11,1,อาทิตย์,506404,404,04,154,598,062,245,40
2020-11-16,2020,11,16,จันทร์,972661,661,61,368,741,208,255,46
2020-12-01,2020,12,1,อังคาร,100994,994,94,093,776,834,984,84
2020-12-16,2020,12,16,พุธ,201303,303,03,377,828,072,517,70
2020-12-30,2020,12,30,พุธ,803628,628,28,336,804,321,924,19
2021-01-17,2021,1,17,อาทิตย์,384395,395,95,367,653,566,878,15
2021-02-01,2021,2,1,จันทร์,912307,307,07,248,605,282,651,97
2021-02-16,2021,2,16,อังคาร,424603,603,03,318,861,057,817,39
2021-03-01,2021,3,1,จันทร์,835538,538,38,290,838,051,806,73
2021-03-16,2021,3,16,อังคาร,890422,422,22,036,902,256,396,19
2021-04-01,2021,4,1,พฤหัสบดี,472270,270,70,283,755,393,577,05
2021-04-16,2021,4,16,ศุกร์,100787,787,87,013,143,264,478,56
2021-05-02,2021,5,2,อาทิตย์,501272,272,72,018,306,129,498,18
2021-05-16,2021,5,16,อาทิตย์,684579,579,79,615,843,276,970,14
2021-06-01,2021,6,1,อังคาร,292972,972,72,193,620,723,978,45
2021-06-16,2021,6,16,พุธ,691861,861,61,007,054,447,668,17
2021-07-01,2021,7,1,พฤหัสบดี,713517,517,17,073,794,414,511,29
2021-07-16,2021,7,16,ศุกร์,556725,725,25,058,174,233,927,70
2021-08-01,2021,8,1,อาทิตย์,910261,261,61,103,307,004,785,69
2021-08-16,2021,8,16,จันทร์,046750,750,50,421,666,160,355,23
2021-09-01,2021,9,1,พุธ,114475,475,75,278,302,123,458,79
2021-09-16,2021,9,16,พฤหัสบดี,070935,935,35,609,817,007,379,90
2021-10-01,2021,10,1,ศุกร์,578171,171,71,285,361,379,449,83
2021-10-16,2021,10,16,เสาร์,386372,372,72,602,964,295,798,38
2021-11-01,2021,11,1,จันทร์,045037,037,37,247,458,331,755,95
2021-11-16,2021,11,16,อังคาร,032761,761,61,471,648,245,844,57
2021-12-01,2021,12,1,พุธ,077258,258,58,739,740,401,485,82
2021-12-16,2021,12,16,พฤหัสบดี,639235,235,35,097,629,476,522,83
2021-12-30,2021,12,30,พฤหัสบดี,819068,068,68,591,979,419,547,36
2022-01-17,2022,1,17,จันทร์,880159,159,59,731,786,119,529,92
2022-02-01,2022,2,1,อังคาร,944308,308,08,061,942,485,509,30
2022-02-17,2022,2,17,พฤหัสบดี,098597,597,97,085,644,592,816,57
2022-03-01,2022,3,1,อังคาร,061905,905,05,236,834,234,691,07
2022-03-16,2022,3,16,พุธ,737867,867,67,349,985,788,989,03
2022-04-01,2022,4,1,ศุกร์,970618,618,18,391,738,578,870,10
2022-04-16,2022,4,16,เสาร์,395919,919,19,289,859,413,508,58
2022-05-02,2022,5,2,จันทร์,658642,642,42,518,778,041,325,09
2022-05-16,2022,5,16,จันทร์,155012,012,12,247,736,236,540,06
2022-06-01,2022,6,1,พุธ,319196,196,96,679,817,213,652,02
2022-06-16,2022,6,16,พฤหัสบดี,361807,807,07,285,549,106,228,92
2022-07-01,2022,7,1,ศุกร์,981417,417,17,242,287,002,542,61
2022-07-16,2022,7,16,เสาร์,620405,405,05,159,834,061,279,53
2022-08-01,2022,8,1,จันทร์,436594,594,94,266,893,282,447,14
2022-08-16,2022,8,16,อังคาร,331583,583,83,271,300,284,876,42
2022-09-01,2022,9,1,พฤหัสบดี,929332,332,32,298,725,210,604,83
2022-09-16,2022,9,16,ศุกร์,943703,703,03,540,971,432,631,75
2022-10-01,2022,10,1,เสาร์,484669,669,69,206,996,194,278,50
2022-10-16,2022,10,16,อาทิตย์,613106,106,06,037,158,606,799,15
2022-11-01,2022,11,1,อังคาร,913106,106,06,722,839,343,922,70
2022-11-16,2022,11,16,พุธ,121789,789,89,532,722,157,973,64
2022-12-01,2022,12,1,พฤหัสบดี,375805,805,05,170,786,409,421,08
2022-12-16,2022,12,16,ศุกร์,845093,093,93,411,912,593,855,14
2022-12-30,2022,12,30,ศุกร์,157196,196,96,007,522,250,425,58
2023-01-17,2023,1,17,อังคาร,812519,519,19,389,443,564,849,47
2023-02-01,2023,2,1,พุธ,297411,411,11,181,789,101,664,92
2023-02-16,2023,2,16,พฤหัสบดี,590417,417,17,195,664,377,523,80
2023-03-01,2023,3,1,พุธ,417652,652,52,577,919,748,984,55
2023-03-16,2023,3,16,พฤหัสบดี,025873,873,73,420,800,355,544,73
2023-04-01,2023,4,1,เสาร์,087907,907,07,111,914,290,698,99
2023-04-16,2023,4,16,อาทิตย์,984906,906,06,670,678,551,797,71
2023-05-02,2023,5,2,อังคาร,843019,019,19,500,780,187,269,65
2023-05-16,2023,5,16,อังคาร,132903,903,03,678,739,693,731,99
2023-06-01,2023,6,1,พฤหัสบดี,125272,272,72,000,681,386,971,09
2023-06-16,2023,6,16,ศุกร์,264872,872,72,519,628,202,874,30
2023-07-01,2023,7,1,เสาร์,922605,605,05,281,867,491,947,16
2023-07-16,2023,7,16,อาทิตย์,169530,530,30,261,384,066,780,62
2023-07-31,2023,7,31,จันทร์,260453,453,53,268,708,387,601,11
2023-08-16,2023,8,16,พุธ,471782,782,82,431,739,737,742,67
2023-09-01,2023,9,1,ศุกร์,915478,478,78,521,596,291,692,91
2023-09-16,2023,9,16,เสาร์,320812,812,12,037,699,057,344,46
2023-10-01,2023,10,1,อาทิตย์,727202,202,02,324,355,426,615,66
2023-10-16,2023,10,16,จันทร์,931446,446,46,167,398,272,970,44
2023-11-01,2023,11,1,พุธ,743951,951,51,335,913,019,349,63
2023-11-16,2023,11,16,พฤหัสบดี,557990,990,90,346,412,778,961,14
2023-12-01,2023,12,1,ศุกร์,251097,097,97,055,265,092,280,91
2023-12-16,2023,12,16,เสาร์,356757,757,57,058,410,584,964,85
2023-12-30,2023,12,30,เสาร์,625544,544,44,600,648,456,882,89
2024-01-17,2024,1,17,พุธ,105979,979,79,429,931,196,635,61
2024-02-01,2024,2,1,พฤหัสบดี,607063,063,63,454,943,544,591,09
2024-02-16,2024,2,16,ศุกร์,941395,395,95,056,330,375,587,43
2024-03-01,2024,3,1,ศุกร์,253603,603,03,900,975,382,703,79
2024-03-16,2024,3,16,เสาร์,997626,626,26,509,571,329,794,78
2024-04-01,2024,4,1,จันทร์,803481,481,81,122,809,559,947,90
2024-04-16,2024,4,16,อังคาร,943598,598,98,727,729,154,200,79
2024-05-02,2024,5,2,พฤหัสบดี,980116,116,16,104,763,634,833,17
2024-05-16,2024,5,16,พฤหัสบดี,205690,690,90,747,885,070,137,60
2024-06-01,2024,6,1,เสาร์,530593,593,93,194,364,421,734,42
2024-06-16,2024,6,16,อาทิตย์,518504,504,04,016,428,426,447,31
2024-07-01,2024,7,1,จันทร์,434503,503,03,839,975,647,778,89
2024-07-16,2024,7,16,อังคาร,367336,336,36,011,331,421,618,21
2024-08-01,2024,8,1,พฤหัสบดี,407041,041,41,408,579,622,,46
2024-08-16,2024,8,16,ศุกร์,095867,867,67,212,334,697,728,28
2024-09-01,2024,9,1,อาทิตย์,199606,606,06,173,220,094,388,94
2024-09-16,2024,9,16,จันทร์,608662,662,62,230,904,008,408,37
2024-10-01,2024,10,1,อังคาร,718665,665,65,053,812,079,566,59
2024-10-16,2024,10,16,พุธ,482962,962,62,561,648,493,919,00
2024-11-01,2024,11,1,ศุกร์,536044,044,44,174,225,063,231,32
2024-11-16,2024,11,16,เสาร์,187221,221,21,036,923,547,980,38
2024-12-01,2024,12,1,อาทิตย์,669843,843,43,559,626,098,654,61
2024-12-16,2024,12,16,จันทร์,097863,863,63,290,742,339,881,21
2025-01-02,2025,1,2,พฤหัสบดี,730209,209,09,065,446,297,376,51
2025-01-17,2025,1,17,ศุกร์,807779,779,79,699,961,448,477,23
2025-02-01,2025,2,1,เสาร์,558700,700,00,285,418,685,824,51
2025-02-16,2025,2,16,อาทิตย์,847377,377,77,268,613,001,652,50
2025-03-01,2025,3,1,เสาร์,818894,894,94,139,530,656,781,54
2025-03-16,2025,3,16,อาทิตย์,757563,563,63,595,927,309,457,32
2025-04-01,2025,4,1,อังคาร,669687,687,87,635,760,180,666,36
2025-04-16,2025,4,16,พุธ,266227,227,27,254,413,474,760,85
2025-05-02,2025,5,2,ศุกร์,213388,388,88,116,826,167,662,06
2025-05-16,2025,5,16,ศุกร์,251309,309,09,109,231,631,965,87
2025-06-01,2025,6,1,อาทิตย์,559352,352,52,134,349,044,307,20
2025-06-16,2025,6,16,จันทร์,507392,392,92,017,243,299,736,06
2025-07-01,2025,7,1,อังคาร,949246,246,46,169,680,261,918,91
2025-07-16,2025,7,16,พุธ,245324,324,24,171,995,084,336,26
2025-08-01,2025,8,1,ศุกร์,811852,852,52,142,525,512,891,50
2025-08-16,2025,8,16,เสาร์,994865,865,65,247,602,834,989,63
2025-09-01,2025,9,1,จันทร์,506356,356,56,012,131,022,209,31
2025-09-16,2025,9,16,อังคาร,074646,646,46,512,740,308,703,58
2025-10-01,2025,10,1,พุธ,876978,978,78,532,843,280,605,77
2025-10-16,2025,10,16,พฤหัสบดี,059696,696,96,531,955,476,889,61
2025-11-01,2025,11,1,เสาร์,345898,898,98,328,449,111,690,87
2025-11-16,2025,11,16,อาทิตย์,458145,145,45,242,602,239,389,37
2025-12-01,2025,12,1,จันทร์,461252,252,52,389,655,137,995,22
2025-12-16,2025,12,16,อังคาร,763895,895,95,176,431,014,449,52
2026-01-02,2026,1,2,ศุกร์,837706,706,06,347,694,288,765,16
2026-01-17,2026,1,17,เสาร์,878972,972,72,299,815,363,662,02
2026-02-01,2026,2,1,อาทิตย์,174629,629,29,195,917,041,408,48
2026-02-16,2026,2,16,จันทร์,340563,563,63,241,527,169,578,07
2026-03-01,2026,3,1,อาทิตย์,820866,866,66,054,479,068,837,06
2026-03-16,2026,3,16,จันทร์,833009,009,09,510,983,439,954,64
2026-04-01,2026,4,1,พุธ,292514,514,14,113,406,098,851,47
2026-04-16,2026,4,16,พฤหัสบดี,309612,612,12,108,355,424,868,77
2026-05-02,2026,5,2,เสาร์,536077,077,77,267,318,065,153,43
2026-05-16,2026,5,16,เสาร์,107387,387,87,091,298,602,716,08
2026-06-01,2026,6,1,จันทร์,173770,770,70,415,848,410,938,95
2026-06-16,2026,6,16,อังคาร,287184,184,84,434,758,007,721,48
